{
  "box_base": {
    "joint_names": [
      "box_joint"
    ],
    "joint_limits": {
      "box_joint": [
        -0.25307270884513855,
        2.3649208545684814
      ]
    }
  },
  "fridge_base": {
    "joint_names": [
      "bottom_joint",
      "top_joint"
    ],
    "joint_limits": {
      "bottom_joint": [
        0.0,
        1.5707963705062866
      ],
      "top_joint": [
        0.0,
        1.5707963705062866
      ]
    }
  },
  "drawer_frame": {
    "joint_names": [
      "drawer_joint_bottom",
      "drawer_joint_middle",
      "drawer_joint_top"
    ],
    "joint_limits": {
      "drawer_joint_bottom": [
        0.0,
        0.30000001192092896
      ],
      "drawer_joint_middle": [
        0.0,
        0.30000001192092896
      ],
      "drawer_joint_top": [
        0.0,
        0.30000001192092896
      ]
    }
  }
}